<?xml version="1.0" encoding="UTF-8"?>

<flow xmlns="http://www.springframework.org/schema/webflow"
      xmlns:xsi="http://www.w3.org/2001/XMLSchema-instance"
      xsi:schemaLocation="http://www.springframework.org/schema/webflow
                          http://www.springframework.org/schema/webflow/spring-webflow.xsd" >
                          

        
        <!-- <start-state = "welcome"></start-state>-->
    
        <view-state id="welcome" view="/welcome">
            <transition on="continue" to="finish"/>
            <transition on="cancel" to="cancelled"/>
        </view-state>
        
        <end-state id="cancelled" view="/cancelled"/>
        
        <end-state id="finish" view="/finish"/>
    
 
</flow>
 