<?xml version="1.0" encoding="UTF-8"?>
<beans:beans xmlns="http://www.springframework.org/schema/security"
	xmlns:beans="http://www.springframework.org/schema/beans" 
	xmlns:xsi="http://www.w3.org/2001/XMLSchema-instance"
	xsi:schemaLocation="http://www.springframework.org/schema/beans
	http://www.springframework.org/schema/beans/spring-beans.xsd
	http://www.springframework.org/schema/security
	http://www.springframework.org/schema/security/spring-security.xsd">      

    <!-- enable use-expressions -->
	<http auto-config="true" use-expressions="true"> 
	<intercept-url pattern="/product" access="hasRole('ROLE_ADMIN')" />   
	<intercept-url pattern="/electronics" access="hasRole('ROLE_ADMIN')" /> 
	<intercept-url pattern="/electronics" access="hasRole('ROLE_USER')" /> 
	<intercept-url pattern="/single" access="hasRole('ROLE_USER')" />
	<intercept-url pattern="/single" access="hasRole('ROLE_ADMIN')" />
	 <intercept-url pattern="/clothing" access="hasRole('ROLE_ADMIN')" />
	 <intercept-url pattern="/clothing" access="hasRole('ROLE_USER')" />
	 <intercept-url pattern="/contact" access="hasRole('permitAll')" />
     <intercept-url pattern="/checkout" access="hasRole('ROLE_USER')" />
     <intercept-url pattern="/checkout" access="hasRole('ROLE_ADMIN')" />
     <intercept-url pattern="/viewallproduct" access="hasRole('ROLE_ADMIN')" />
	 <intercept-url pattern="/viewproduct" access="hasRole('ROLE_ADMIN')" />
	 
	 
	 	<intercept-url pattern="/denied" access="permitAll" />	
	 	<intercept-url pattern="/register" access="permitAll" />
	 	<intercept-url pattern="/" access="permitAll" />
	 	<intercept-url pattern="/login" access="permitAll" /> 
	   
		
		
		<!-- access denied page -->
		<access-denied-handler error-page="/denied" />
		
		<form-login   
		    login-page="/login" 
		    default-target-url="/electronics" 
		    login-processing-url="/j_spring_security_check"
		    
			authentication-failure-url="/login" 
			username-parameter="username"
			password-parameter="userpassword" />
		<logout logout-success-url="/"  />
		<!-- enable csrf protection -->
		<csrf disabled="true" />
	</http>
	
	<!-- Select users and user_roles from database -->
	<authentication-manager>
	  <authentication-provider>
		<jdbc-user-service data-source-ref="dataSource" 
		users-by-username-query="select username ,userpassword, enable from Customer where username=?"
		  authorities-by-username-query="select username, role from Customer where username =?  " />
	  </authentication-provider>
	</authentication-manager>

</beans:beans>
